keep(y/n),rank,subreddit,source_host,title,why_matched,dup,fullname,outbound_url,reddit_permalink
,5,opencodeCLI,github.com,Landscape of second brain and memory solutions for AI native workflow,memory+second-brain,,t3_1twm2r2,https://github.com/aristoapp/awesome-second-brain,https://old.reddit.com/r/opencodeCLI/comments/1twm2r2/landscape_of_second_brain_and_memory_solutions/
,5,opencodeCLI,github.com,We built a persistent memory plugin for OpenCode that remembers your coding preferences across projects,memory+persistence,,t3_1sp0vrb,https://github.com/LordAizen1/opencode-evermemos-plugin,https://old.reddit.com/r/opencodeCLI/comments/1sp0vrb/we_built_a_persistent_memory_plugin_for_opencode/
,4,ClaudeAI,SKILL.md,I built a three-layer memory architecture that eliminated 60% RAG failures in Claude,memory+RAG,,t3_1ptyppk,http://SKILL.md,https://old.reddit.com/r/ClaudeAI/comments/1ptyppk/i_built_a_threelayer_memory_architecture_that/
,4,mcp,github.com,Agent-Corex: Hybrid ranking system for MCP tool retrieval in LLM agents,retrieval,,t3_1rzvrzs,https://github.com/ankitpro/agent-corex,https://old.reddit.com/r/mcp/comments/1rzvrzs/agentcorex_hybrid_ranking_system_for_mcp_tool/
,4,mcp,agents.md,"AI Coding Agents have coding knowledge but lack ""Codebase Intelligence"". I tried to give them a second brain.",second-brain,,t3_1pl1gbu,http://agents.md/,https://old.reddit.com/r/mcp/comments/1pl1gbu/ai_coding_agents_have_coding_knowledge_but_lack/
,4,mcp,allcontext.dev,Allcontext MCP – Persistent context that works across all your AI tools,persistence,,t3_1nlyeyc,https://allcontext.dev,https://old.reddit.com/r/mcp/comments/1nlyeyc/allcontext_mcp_persistent_context_that_works/
,4,mcp,codegraph.pro,Codebase Knowledge Graph MCP,knowledge-graph,,t3_1nl1x6z,https://codegraph.pro,https://old.reddit.com/r/mcp/comments/1nl1x6z/codebase_knowledge_graph_mcp/
,4,mcp,gystc.dev,"I built a local memory MCP server for Claude — one shared daemon, model loads once, every client plugs in (free, open source)",memory,,t3_1u2hk6n,https://gystc.dev,https://old.reddit.com/r/mcp/comments/1u2hk6n/i_built_a_local_memory_mcp_server_for_claude_one/
,4,mcp,youtube.com,I built an MCP server that turns Claude into a research powerhouse using knowledge graphs,knowledge-graph,,t3_1nnubkq,https://www.youtube.com/watch?v=-C2X4fp734s,https://old.reddit.com/r/mcp/comments/1nnubkq/i_built_an_mcp_server_that_turns_claude_into_a/
,4,mcp,statespace.com,I open-sourced a text2SQL RAG MCP server for all your databases,RAG,,t3_1nf7sce,https://statespace.com/,https://old.reddit.com/r/mcp/comments/1nf7sce/i_opensourced_a_text2sql_rag_mcp_server_for_all/
,4,mcp,,Is memory MCP just hype or actually useful?,memory,,t3_1nxy8s6,,https://old.reddit.com/r/mcp/comments/1nxy8s6/is_memory_mcp_just_hype_or_actually_useful/
,4,mcp,github.com,MARM MCP Server: AI Memory Management for Production Use,memory,,t3_1npqn7o,https://github.com/Lyellr88/MARM-Systems,https://old.reddit.com/r/mcp/comments/1npqn7o/marm_mcp_server_ai_memory_management_for/
,4,mcp,CLAUDE.md,Showcase: I built a macOS app that leverages your git repo as project memory over MCP,memory,,t3_1ucqmqh,http://CLAUDE.md,https://old.reddit.com/r/mcp/comments/1ucqmqh/showcase_i_built_a_macos_app_that_leverages_your/
,4,opencodeCLI,github.com,How do you guys handle OpenCode losing context in long sessions? (I wrote a zero-config working memory plugin to fix it),memory,,t3_1r7sfcx,https://github.com/sdwolf4103/opencode-working-memory%5D(),https://old.reddit.com/r/opencodeCLI/comments/1r7sfcx/how_do_you_guys_handle_opencode_losing_context_in/
,4,opencodeCLI,,"I gave my Obsidian vault a full-time staff. 10 agents, MIT licensed, now runs on OpenCode.",obsidian,,t3_1si0t2f,,https://old.reddit.com/r/opencodeCLI/comments/1si0t2f/i_gave_my_obsidian_vault_a_fulltime_staff_10/
,4,opencodeCLI,github.com,"I made openground, an opensource, on-device RAG tool that gives access to official docs to opencode (and other agents)",RAG,,t3_1pyxiri,https://github.com/poweroutlet2/openground,https://old.reddit.com/r/opencodeCLI/comments/1pyxiri/i_made_openground_an_opensource_ondevice_rag_tool/
,4,opencodeCLI,github.com,"MegaMemory - agentic memory that grows with your project [all local, no api keys]",memory,,t3_1r0umel,https://github.com/0xK3vin/MegaMemory,https://old.reddit.com/r/opencodeCLI/comments/1r0umel/megamemory_agentic_memory_that_grows_with_your/
,4,opencodeCLI,github.com,Simple Memory Plugin,memory,,t3_1pndm28,https://github.com/cnicolov/opencode-plugin-simple-memory,https://old.reddit.com/r/opencodeCLI/comments/1pndm28/simple_memory_plugin/
,3,ChatGPTCoding,ducky.ai,6 signs you need RAG for your coding workflow (beyond basic ChatGPT),RAG,,t3_1meims6,https://ducky.ai/blog/when-to-implement-retrieval-augmented-generation-(rag,https://old.reddit.com/r/ChatGPTCoding/comments/1meims6/6_signs_you_need_rag_for_your_coding_workflow/
,3,ClaudeAI,,Absolutely insane improvement for Claude Code on large-scale projects with Memory MCP,memory,,t3_1n7hwah,,https://old.reddit.com/r/ClaudeAI/comments/1n7hwah/absolutely_insane_improvement_for_claude_code_on/
,3,ClaudeAI,code.claude.com,"Claude Code's Auto Memory is so good — make sure you have it enabled, it's being A/B tested and not everyone has it",memory,,t3_1r6j36u,https://code.claude.com/docs/en/memory,https://old.reddit.com/r/ClaudeAI/comments/1r6j36u/claude_codes_auto_memory_is_so_good_make_sure_you/
,3,ClaudeAI,CLAUDE.md,Claude is very...persistent...about taking credit,persistence,,t3_1nj30mq,http://CLAUDE.md,https://old.reddit.com/r/ClaudeAI/comments/1nj30mq/claude_is_verypersistentabout_taking_credit/
,3,ClaudeAI,CLAUDE.md,"Context Engineering Tips for ClaudeCode: Context Trimming, Sub-agents, Parallelism",context-eng,,t3_1o2yp2p,http://CLAUDE.md,https://old.reddit.com/r/ClaudeAI/comments/1o2yp2p/context_engineering_tips_for_claudecode_context/
,3,ClaudeAI,pypi.org,Give Claude Code Long Term Memory with Claude-Workshop,memory,,t3_1ny94au,https://pypi.org/project/claude-workshop/,https://old.reddit.com/r/ClaudeAI/comments/1ny94au/give_claude_code_long_term_memory_with/
,3,ClaudeAI,github.com,"I built a /graphify skill for Claude Code that maps your entire codebase into a knowledge graph, 71x fewer tokens, way less hallucination (32k stars, 250k downloads)",knowledge-graph,,t3_1ss28rj,https://github.com/safishamsi/graphify,https://old.reddit.com/r/ClaudeAI/comments/1ss28rj/i_built_a_graphify_skill_for_claude_code_that/
,3,ClaudeAI,github.com,I built a memory system for Claude Code with 970 tests and 91% coverage — here's what I learned testing every alternative,memory,,t3_1qvoep4,https://github.com/aitytech/agentkits-memory,https://old.reddit.com/r/ClaudeAI/comments/1qvoep4/i_built_a_memory_system_for_claude_code_with_970/
,3,ClaudeAI,CLAUDE.md,"I gave Claude Code a 285-line operating manual and 5 lifecycle hooks inside my Obsidian vault. After a month, it basically runs my work documentation for me.",obsidian,,t3_1sc65st,http://CLAUDE.md,https://old.reddit.com/r/ClaudeAI/comments/1sc65st/i_gave_claude_code_a_285line_operating_manual_and/
,3,ClaudeAI,github.com,"My full Claude Code setup after months of daily use — context discipline, MCPs, memory, subagents",memory,,t3_1spehot,https://github.com/anothervibecoder-s/claudecode-harness,https://old.reddit.com/r/ClaudeAI/comments/1spehot/my_full_claude_code_setup_after_months_of_daily/
,3,ClaudeAI,,"Now that Projects have been nerfed with ""contextual RAG"", what full-context alternative are there?",RAG,,t3_1ofqc5z,,https://old.reddit.com/r/ClaudeAI/comments/1ofqc5z/now_that_projects_have_been_nerfed_with/
,3,ClaudeAI,,Talking to a custom Claude Code agent inside Obsidian,obsidian,,t3_1my7lrv,,https://old.reddit.com/r/ClaudeAI/comments/1my7lrv/talking_to_a_custom_claude_code_agent_inside/
,3,ClaudeAI,,Two Claude Code features I slept on that completely changed how I use it: Stop Hooks + Memory files,memory,,t3_1rqxzlp,,https://old.reddit.com/r/ClaudeAI/comments/1rqxzlp/two_claude_code_features_i_slept_on_that/
,3,ClaudeAI,github.com,Two small add-ons that bring Claude Code closer to a persistent AI assistant,persistence,,t3_1rzqlk8,https://github.com/jesung/claude-persistent-agents,https://old.reddit.com/r/ClaudeAI/comments/1rzqlk8/two_small_addons_that_bring_claude_code_closer_to/
,3,LocalLLaMA,github.com,Built a persistent memory system for LLMs - 3 months testing with Claude/Llama,memory+persistence,,t3_1nvk9sa,https://github.com/marioricca/rafael-memory-system,https://old.reddit.com/r/LocalLLaMA/comments/1nvk9sa/built_a_persistent_memory_system_for_llms_3/
,2,ClaudeCode,MEMORY.md,Pro Tip: MEMORY.md - stop and confirm after context collapse!,memory,,t3_1r1kizb,http://MEMORY.md,https://old.reddit.com/r/ClaudeCode/comments/1r1kizb/pro_tip_memorymd_stop_and_confirm_after_context/
,2,ClaudeCode,,What’s with the hype using Obsidian and Claude Code,obsidian,,t3_1s0m3rf,,https://old.reddit.com/r/ClaudeCode/comments/1s0m3rf/whats_with_the_hype_using_obsidian_and_claude_code/
,2,LocalLLaMA,,Building RAG systems at enterprise scale (20K+ docs): lessons from 10+ enterprise implementations,RAG,,t3_1ned2ai,,https://old.reddit.com/r/LocalLLaMA/comments/1ned2ai/building_rag_systems_at_enterprise_scale_20k_docs/
,2,LocalLLaMA,smolmachines.com,How I do use the recent llama.cpp native tools to do web rag a.k.a. web_fetch (or anything else for the matter) directly from inside the llama-server's webui,RAG,,t3_1tm93ng,https://smolmachines.com/install.sh,https://old.reddit.com/r/LocalLLaMA/comments/1tm93ng/how_i_do_use_the_recent_llamacpp_native_tools_to/
,2,LocalLLaMA,jamwithai.substack.com,"My Journey with RAG, OpenSearch & LLMs (Local LLM)",RAG,,t3_1nvh2zj,https://jamwithai.substack.com/p/build-a-local-llm-based-rag-system,https://old.reddit.com/r/LocalLLaMA/comments/1nvh2zj/my_journey_with_rag_opensearch_llms_local_llm/
,2,LocalLLaMA,github.com,"Ocrisp: One-Click RAG Implementation, Simple and Portable. Connects through MCP to any LLM. Uses Ollama for local inference and Qdrant to store vectors locally.",RAG,,t3_1nvl1rv,https://github.com/boquila/ocrisp,https://old.reddit.com/r/LocalLLaMA/comments/1nvl1rv/ocrisp_oneclick_rag_implementation_simple_and/
,2,OpenAI,hyperlink.nexa.ai,"I built a local AI agent that turns my messy computer into a private, searchable memory - using GPT-OSS",memory,,t3_1nfajyx,http://hyperlink.nexa.ai/,https://old.reddit.com/r/OpenAI/comments/1nfajyx/i_built_a_local_ai_agent_that_turns_my_messy/
,2,selfhosted,github.com,"Omoide - an offline, self-hosted photo & video library with AI search, face recognition, and duplicate detection to help people organize & rediscover forgotten memories",memory,,t3_1nxp2v3,https://github.com/EinAeffchen/Omoide,https://old.reddit.com/r/selfhosted/comments/1nxp2v3/omoide_an_offline_selfhosted_photo_video_library/
,2,singularity,github.com,"An actress Milla Jovovich just released a free open-source AI memory system that scored 100% on LongMemEval, beating every paid solution",memory,,t3_1sexr5v,https://github.com/milla-jovovich/mempalace,https://old.reddit.com/r/singularity/comments/1sexr5v/an_actress_milla_jovovich_just_released_a_free/
,2,singularity,github.com,I have spent 10 months building software scaffolding that gives a model long-horizon continuity and self-directed memory management. Here's what I've observed so far:,memory,,t3_1pqvxyl,https://github.com/taylorsatula/mira-OSS,https://old.reddit.com/r/singularity/comments/1pqvxyl/i_have_spent_10_months_building_software/
